branch,product,on_hand
Islamabad (F-7),Basmati Rice 5kg,148
Islamabad (F-7),Body Lotion 300ml,305
Islamabad (F-7),Chocolate Cookies 12-Pack,460
Islamabad (F-7),Detergent Powder 2kg,431
Islamabad (F-7),Dishwash Liquid 750ml,412
Islamabad (F-7),Green Tea 25 Bags,397
Islamabad (F-7),Herbal Shampoo 400ml,264
Islamabad (F-7),Mango Juice 1L,600
Islamabad (F-7),Mineral Water 1.5L,2720
Islamabad (F-7),Potato Chips Family Pack,706
Islamabad (F-7),Premium Dates 500g,121
Islamabad (F-7),Sunscreen SPF50,112
Karachi (Clifton),Basmati Rice 5kg,225
Karachi (Clifton),Body Lotion 300ml,72
Karachi (Clifton),Chocolate Cookies 12-Pack,466
Karachi (Clifton),Detergent Powder 2kg,577
Karachi (Clifton),Dishwash Liquid 750ml,447
Karachi (Clifton),Green Tea 25 Bags,522
Karachi (Clifton),Herbal Shampoo 400ml,366
Karachi (Clifton),Mango Juice 1L,609
Karachi (Clifton),Mineral Water 1.5L,1924
Karachi (Clifton),Potato Chips Family Pack,1012
Karachi (Clifton),Premium Dates 500g,161
Karachi (Clifton),Sunscreen SPF50,151
Lahore (DHA),Basmati Rice 5kg,382
Lahore (DHA),Body Lotion 300ml,441
Lahore (DHA),Chocolate Cookies 12-Pack,562
Lahore (DHA),Detergent Powder 2kg,663
Lahore (DHA),Dishwash Liquid 750ml,575
Lahore (DHA),Green Tea 25 Bags,150
Lahore (DHA),Herbal Shampoo 400ml,470
Lahore (DHA),Mango Juice 1L,735
Lahore (DHA),Mineral Water 1.5L,2606
Lahore (DHA),Potato Chips Family Pack,1296
Lahore (DHA),Premium Dates 500g,202
Lahore (DHA),Sunscreen SPF50,391
